filename,source_url
peerservice.substack.com_p_3-inspiring-stories-on-what-helps_cleaned.txt,https://peerservice.substack.com/p/3-inspiring-stories-on-what-helps
peerservice.substack.com_p_a-metaphor-for-bridging-the-deep_cleaned.txt,https://peerservice.substack.com/p/a-metaphor-for-bridging-the-deep
peerservice.substack.com_p_are-we-ready-for-the-consciousness_cleaned.txt,https://peerservice.substack.com/p/are-we-ready-for-the-consciousness
peerservice.substack.com_p_be-a-voice-not-an-echo-3-min-dance_cleaned.txt,https://peerservice.substack.com/p/be-a-voice-not-an-echo-3-min-dance
peerservice.substack.com_p_beyond-fear-series-how-consciousness_cleaned.txt,https://peerservice.substack.com/p/beyond-fear-series-how-consciousness
peerservice.substack.com_p_beyond-fear-series-the-social-media_cleaned.txt,https://peerservice.substack.com/p/beyond-fear-series-the-social-media
peerservice.substack.com_p_beyond-fear-the-bigger-picture-ufos_cleaned.txt,https://peerservice.substack.com/p/beyond-fear-the-bigger-picture-ufos
peerservice.substack.com_p_cultivating-seeds-of-truth_cleaned.txt,https://peerservice.substack.com/p/cultivating-seeds-of-truth
peerservice.substack.com_p_dancing-through-the-seasons-of-2025_cleaned.txt,https://peerservice.substack.com/p/dancing-through-the-seasons-of-2025
peerservice.substack.com_p_epstein-files-pt-1-what-official_cleaned.txt,https://peerservice.substack.com/p/epstein-files-pt-1-what-official
peerservice.substack.com_p_epstein-files-pt-2-beyond-sex-traffickingzorro_cleaned.txt,https://peerservice.substack.com/p/epstein-files-pt-2-beyond-sex-traffickingzorro
peerservice.substack.com_p_epstein-was-just-the-tip-of-the-iceberg_cleaned.txt,https://peerservice.substack.com/p/epstein-was-just-the-tip-of-the-iceberg
peerservice.substack.com_p_healing-the-culture-warsone-conscious_cleaned.txt,https://peerservice.substack.com/p/healing-the-culture-warsone-conscious
peerservice.substack.com_p_historic-senate-panel-exposes-how_cleaned.txt,https://peerservice.substack.com/p/historic-senate-panel-exposes-how
peerservice.substack.com_p_how-geoengineering-went-from-top_cleaned.txt,https://peerservice.substack.com/p/how-geoengineering-went-from-top
peerservice.substack.com_p_how-the-deep-state-won-the-war-on_cleaned.txt,https://peerservice.substack.com/p/how-the-deep-state-won-the-war-on
peerservice.substack.com_p_how-to-transform-a-divided-world_cleaned.txt,https://peerservice.substack.com/p/how-to-transform-a-divided-world
peerservice.substack.com_p_in-a-world-of-manufactured-wars-who_cleaned.txt,https://peerservice.substack.com/p/in-a-world-of-manufactured-wars-who
peerservice.substack.com_p_insights-from-near-death-experiences_cleaned.txt,https://peerservice.substack.com/p/insights-from-near-death-experiences
peerservice.substack.com_p_lonely-world-failing-systems-inspiring_cleaned.txt,https://peerservice.substack.com/p/lonely-world-failing-systems-inspiring
peerservice.substack.com_p_make-our-communities-healthier-againinspiring_cleaned.txt,https://peerservice.substack.com/p/make-our-communities-healthier-againinspiring
peerservice.substack.com_p_managing-a-society-in-crisis-a-history_cleaned.txt,https://peerservice.substack.com/p/managing-a-society-in-crisis-a-history
peerservice.substack.com_p_navigating-media-propaganda-and-awakening_cleaned.txt,https://peerservice.substack.com/p/navigating-media-propaganda-and-awakening
peerservice.substack.com_p_new-revelations-about-covid-vaccine_cleaned.txt,https://peerservice.substack.com/p/new-revelations-about-covid-vaccine
peerservice.substack.com_p_reconnect-with-the-genuine-a-visual_cleaned.txt,https://peerservice.substack.com/p/reconnect-with-the-genuine-a-visual
peerservice.substack.com_p_the-most-important-gift-this-season_cleaned.txt,https://peerservice.substack.com/p/the-most-important-gift-this-season
peerservice.substack.com_p_the-pesticide-crisis-reveals-the_cleaned.txt,https://peerservice.substack.com/p/the-pesticide-crisis-reveals-the
peerservice.substack.com_p_the-soul-of-american-democracy-celebrating_cleaned.txt,https://peerservice.substack.com/p/the-soul-of-american-democracy-celebrating
peerservice.substack.com_p_the-supreme-court-case-that-could_cleaned.txt,https://peerservice.substack.com/p/the-supreme-court-case-that-could
peerservice.substack.com_p_the-uncensored-history-of-the-assassination_cleaned.txt,https://peerservice.substack.com/p/the-uncensored-history-of-the-assassination
peerservice.substack.com_p_transforming-media-polarization-one_cleaned.txt,https://peerservice.substack.com/p/transforming-media-polarization-one
peerservice.substack.com_p_transforming-the-war-machine-one_cleaned.txt,https://peerservice.substack.com/p/transforming-the-war-machine-one
peerservice.substack.com_p_turning-30-reflections-on-transforming_cleaned.txt,https://peerservice.substack.com/p/turning-30-reflections-on-transforming
peerservice.substack.com_p_ufo-disclosure-breakthrough-technology_cleaned.txt,https://peerservice.substack.com/p/ufo-disclosure-breakthrough-technology
peerservice.substack.com_p_ufo-disclosure-explained-new-solutions_cleaned.txt,https://peerservice.substack.com/p/ufo-disclosure-explained-new-solutions
peerservice.substack.com_p_war-atrocities-cancel-culture-and_cleaned.txt,https://peerservice.substack.com/p/war-atrocities-cancel-culture-and
peerservice.substack.com_p_we-have-the-tech-to-transform-our_cleaned.txt,https://peerservice.substack.com/p/we-have-the-tech-to-transform-our
peerservice.substack.com_p_working-together-to-end-the-war-on_cleaned.txt,https://peerservice.substack.com/p/working-together-to-end-the-war-on
